donor_id,first_name,last_name,gender,age,blood_group,district,phone,weight,hemoglobin,days_since_last_donation,eligible_to_donate,availability
D0001,Amal,Perera,Female,24,B-,Kandy,783197857,62.0,10.7,71,No,Unavailable
D0002,Saman,Peris,Female,31,A+,Colombo,741227216,56.9,12.0,47,No,Unavailable
D0003,Hiruni,Peris,Male,46,B-,Anuradhapura,789089901,80.8,15.4,214,Yes,Available
D0004,Tharushi,Perera,Male,31,O+,Matara,755176955,80.5,16.1,142,Yes,Available
D0005,Amal,Silva,Female,20,A-,Matara,771662963,56.1,12.2,176,No,Unavailable
D0006,Malsha,Silva,Female,54,A-,Anuradhapura,735808537,56.1,13.6,150,Yes,Unavailable
D0007,Saman,Perera,Male,42,AB+,Gampaha,747308985,75.2,13.1,119,Yes,Available
D0008,Chathura,Wijesinghe,Male,59,AB-,Matara,719583482,75.1,12.5,107,No,Unavailable
D0009,Dinithi,Fernando,Male,58,B+,Negombo,784752529,75.2,11.7,194,No,Unavailable
D0010,Nadeesha,Wijesinghe,Male,35,B-,Colombo,718883684,108.5,16.3,161,Yes,Unavailable
D0011,Anjali,Peris,Female,27,B-,Negombo,745551614,54.3,13.7,202,Yes,Unavailable
D0012,Kamal,Jayasinghe,Female,32,O+,Jaffna,728566572,54.3,11.3,204,No,Unavailable
D0013,Hiruni,Gunasekara,Male,58,A+,Gampaha,731472420,79.5,14.6,78,No,Unavailable
D0014,Sanduni,Peris,Male,51,O+,Kurunegala,743744231,76.5,12.6,305,No,Unavailable
D0015,Malsha,Perera,Male,36,AB+,Matara,768353204,66.8,17.5,57,No,Unavailable
D0016,Sithumini,Gunasekara,Male,58,AB+,Anuradhapura,750056581,77.6,14.4,91,Yes,Available
D0017,Hiruni,Peris,Male,52,B+,Matara,781182864,62.3,14.4,82,No,Unavailable
D0018,Kasun,Peris,Female,41,O-,Colombo,751273847,60.5,13.0,57,No,Unavailable
D0019,Nadeesha,Perera,Male,52,A-,Gampaha,726879290,65.1,14.9,248,Yes,Available
D0020,Kamal,Gunasekara,Male,31,AB+,Anuradhapura,782383095,70.8,14.5,310,Yes,Unavailable
D0021,Anjali,Bandara,Female,25,AB-,Negombo,743273328,69.7,15.5,264,Yes,Unavailable
D0022,Nadeesha,Silva,Female,55,A+,Jaffna,739557077,56.2,15.1,283,Yes,Available
D0023,Kasun,Silva,Male,39,B-,Gampaha,719510312,76.9,16.8,16,No,Unavailable
D0024,Hiruni,Jayasinghe,Female,54,O-,Kandy,787337818,46.6,14.1,276,No,Available
D0025,Nipun,Jayasinghe,Female,24,O+,Kandy,798447167,53.6,13.6,48,No,Unavailable
D0026,Sanduni,Wijesinghe,Female,59,O+,Negombo,796728778,58.9,14.6,27,No,Unavailable
D0027,Amal,Perera,Female,30,AB-,Gampaha,781979055,48.8,11.5,127,No,Available
D0028,Chathura,Fernando,Female,22,B+,Galle,769476001,61.0,13.7,236,Yes,Available
D0029,Malsha,Silva,Male,44,A+,Gampaha,775181648,62.8,14.3,121,Yes,Available
D0030,Nipun,Jayasinghe,Female,42,A+,Kalutara,745594951,55.7,10.5,194,No,Available
D0031,Chathura,Bandara,Female,31,O-,Kalutara,717849494,53.2,11.3,97,No,Unavailable
D0032,Supun,De Silva,Male,55,AB-,Colombo,773993471,72.2,16.3,25,No,Unavailable
D0033,Hiruni,De Silva,Male,29,A+,Anuradhapura,719196777,70.5,14.0,41,No,Unavailable
D0034,Dinithi,Silva,Male,55,O+,Gampaha,789795010,63.5,13.6,291,Yes,Available
D0035,Nimal,Peris,Male,34,O+,Jaffna,737415205,91.4,12.8,289,No,Unavailable
D0036,Ayesha,Jayasinghe,Female,47,O+,Kalutara,752436584,48.2,12.9,343,No,Unavailable
D0037,Saman,Perera,Female,50,A-,Gampaha,745594597,59.7,14.9,275,Yes,Available
D0038,Kamal,Wijesinghe,Male,46,B-,Matara,782909480,71.9,14.3,145,Yes,Available
D0039,Dilshan,Peris,Male,34,AB+,Gampaha,725492573,63.4,12.4,68,No,Unavailable
D0040,Amal,De Silva,Male,39,AB+,Galle,737326368,78.5,12.4,309,No,Available
D0041,Tharushi,De Silva,Female,58,AB+,Colombo,766851377,63.9,13.3,47,No,Unavailable
D0042,Tharushi,Perera,Male,28,AB-,Kalutara,769302158,68.9,16.5,326,Yes,Unavailable
D0043,Malsha,Ranasinghe,Male,52,A-,Gampaha,714835614,75.0,13.8,353,Yes,Available
D0044,Ruwan,Peris,Male,37,O+,Kalutara,758942697,78.7,12.1,21,No,Unavailable
D0045,Nimal,Wijesinghe,Male,57,B-,Gampaha,730743797,58.0,13.9,181,Yes,Unavailable
D0046,Nadeesha,Fernando,Male,44,O+,Colombo,799913412,66.7,13.8,91,Yes,Unavailable
D0047,Nadeesha,Bandara,Male,48,A-,Kurunegala,739854548,65.3,10.4,19,No,Unavailable
D0048,Anjali,Gunasekara,Female,60,AB+,Kandy,735921441,66.5,11.6,114,No,Available
D0049,Ishara,Wijesinghe,Female,52,A-,Galle,754446182,60.7,12.1,179,No,Unavailable
D0050,Kasun,Silva,Female,24,B+,Jaffna,790070438,43.9,11.4,135,No,Available
D0051,Sanduni,Wijesinghe,Female,42,O+,Jaffna,787388337,60.6,12.7,261,Yes,Available
D0052,Anjali,Bandara,Male,41,O+,Colombo,767887757,79.2,15.8,266,Yes,Available
D0053,Saman,Wijesinghe,Female,60,A-,Galle,764813568,52.6,11.5,259,No,Unavailable
D0054,Ayesha,Ranasinghe,Female,29,B+,Kandy,792613013,62.9,13.5,215,Yes,Unavailable
D0055,Supun,Bandara,Female,45,A+,Galle,787844239,66.2,12.1,146,No,Available
D0056,Dinithi,Wijesinghe,Female,50,O-,Negombo,773509974,65.5,11.8,345,No,Available
D0057,Sithumini,Silva,Female,32,AB-,Gampaha,736726767,51.3,12.7,120,Yes,Unavailable
D0058,Kamal,Perera,Male,47,B-,Negombo,765625330,62.9,14.2,312,Yes,Available
D0059,Supun,Jayasinghe,Female,59,O-,Kurunegala,710744212,60.7,12.1,124,No,Available
D0060,Amal,Ranasinghe,Male,53,B+,Anuradhapura,743446826,77.7,14.0,237,Yes,Available
D0061,Amal,Gunasekara,Male,46,O-,Anuradhapura,792228802,60.7,13.4,286,Yes,Unavailable
D0062,Hiruni,Ranasinghe,Female,33,B+,Negombo,795585469,56.5,12.8,230,Yes,Unavailable
D0063,Tharushi,De Silva,Female,36,B-,Galle,741473195,49.1,11.9,225,No,Available
D0064,Tharushi,Wijesinghe,Female,32,A-,Kalutara,761410126,48.4,13.1,77,No,Unavailable
D0065,Kamal,Jayasinghe,Male,44,O+,Kurunegala,718357162,67.5,13.2,169,Yes,Unavailable
D0066,Anjali,Ranasinghe,Female,18,A+,Jaffna,757212267,68.8,12.5,194,Yes,Unavailable
D0067,Dilshan,Ranasinghe,Female,45,B-,Negombo,775181765,57.4,13.6,112,Yes,Unavailable
D0068,Kasun,Ranasinghe,Female,57,O+,Kalutara,781688860,66.0,13.8,239,Yes,Available
D0069,Kasun,Ranasinghe,Male,47,A-,Kurunegala,734391257,65.6,10.5,69,No,Unavailable
D0070,Nimal,Bandara,Female,39,AB-,Kandy,760885459,52.8,12.1,232,No,Unavailable
D0071,Tharushi,Ranasinghe,Female,52,A-,Negombo,716990811,60.9,12.4,9,No,Unavailable
D0072,Ruwan,Jayasinghe,Male,19,A+,Colombo,793394260,55.6,11.3,126,No,Available
D0073,Kamal,Jayasinghe,Male,47,O-,Gampaha,744392446,81.6,13.7,288,Yes,Available
D0074,Ruwan,Fernando,Male,55,B+,Galle,713446499,70.1,13.7,55,No,Unavailable
D0075,Dilshan,Peris,Female,55,O+,Kandy,794187049,40.0,14.9,38,No,Unavailable
D0076,Nadeesha,Silva,Female,40,A-,Jaffna,781503856,64.6,12.5,21,No,Unavailable
D0077,Sanduni,Wijesinghe,Male,24,AB-,Colombo,768186525,72.0,12.6,215,No,Unavailable
D0078,Ruwan,Gunasekara,Male,57,O+,Kalutara,782232344,64.0,16.7,267,Yes,Unavailable
D0079,Nipun,Gunasekara,Female,35,AB+,Matara,770505620,58.7,16.8,125,Yes,Available
D0080,Nadeesha,Gunasekara,Female,29,AB-,Colombo,775437844,42.1,14.3,253,No,Unavailable
D0081,Anjali,Wijesinghe,Female,53,AB-,Galle,711362459,56.2,12.6,305,Yes,Unavailable
D0082,Hiruni,Jayasinghe,Male,48,B-,Kurunegala,796691619,76.6,12.6,250,No,Available
D0083,Nipun,Gunasekara,Male,33,A-,Galle,751098277,85.9,13.5,113,Yes,Unavailable
D0084,Supun,Wijesinghe,Female,40,AB-,Kurunegala,770900658,53.9,13.1,281,Yes,Unavailable
D0085,Tharushi,Bandara,Female,25,B-,Gampaha,781922443,51.5,11.8,98,No,Unavailable
D0086,Sithumini,Jayasinghe,Male,24,O-,Galle,736054020,50.5,15.2,301,Yes,Unavailable
D0087,Dilshan,Jayasinghe,Female,52,B+,Galle,726989677,65.3,12.0,7,No,Unavailable
D0088,Tharushi,Perera,Male,24,AB+,Kalutara,711646234,75.9,13.7,326,Yes,Unavailable
D0089,Supun,Bandara,Female,21,O-,Negombo,743887075,53.8,15.0,174,Yes,Available
D0090,Nipun,Silva,Male,54,O+,Negombo,794482772,63.8,14.8,37,No,Unavailable
D0091,Nimal,Fernando,Male,53,AB+,Gampaha,765857931,67.9,13.7,127,Yes,Available
D0092,Dinithi,Peris,Male,55,O+,Negombo,767556566,65.1,15.8,226,Yes,Unavailable
D0093,Dilshan,Peris,Male,34,A-,Kandy,798641164,64.1,12.7,320,No,Available
D0094,Saman,Fernando,Male,28,B+,Anuradhapura,710359129,78.5,15.1,38,No,Unavailable
D0095,Sanduni,Gunasekara,Female,36,AB+,Colombo,770939053,54.9,14.8,118,Yes,Unavailable
D0096,Saman,Jayasinghe,Female,52,B-,Kurunegala,740173413,46.3,13.5,58,No,Unavailable
D0097,Kamal,Bandara,Male,37,A-,Colombo,789865458,79.0,14.7,84,No,Unavailable
D0098,Supun,Bandara,Female,43,A-,Negombo,746540265,60.1,12.6,352,Yes,Unavailable
D0099,Hiruni,De Silva,Female,45,O-,Gampaha,753261270,58.0,11.7,306,No,Available
D0100,Dinithi,Bandara,Male,35,A-,Kandy,787342561,76.3,13.9,345,Yes,Available
D0101,Nimal,Fernando,Female,58,O-,Galle,775998319,46.7,14.0,92,No,Unavailable
D0102,Saman,Gunasekara,Female,28,O+,Matara,754265498,54.6,15.3,164,Yes,Available
D0103,Sanduni,Gunasekara,Female,47,O+,Anuradhapura,721819185,55.3,11.0,18,No,Unavailable
D0104,Ayesha,Bandara,Female,60,A-,Kurunegala,782825679,51.6,13.5,263,Yes,Available
D0105,Chathura,Ranasinghe,Male,58,B-,Anuradhapura,769329732,69.8,12.0,185,No,Unavailable
D0106,Nimal,Jayasinghe,Female,25,B+,Galle,713874790,61.2,12.2,224,No,Unavailable
D0107,Dinithi,Jayasinghe,Male,53,AB+,Anuradhapura,764759583,82.8,12.4,7,No,Unavailable
D0108,Saman,Jayasinghe,Male,49,O-,Gampaha,749172995,64.1,16.7,331,Yes,Available
D0109,Hiruni,Bandara,Female,53,O-,Negombo,729413516,60.1,12.9,124,Yes,Unavailable
D0110,Ishara,Jayasinghe,Male,50,A-,Galle,745859307,68.0,16.6,212,Yes,Unavailable
D0111,Kasun,Bandara,Female,40,O-,Kalutara,754619335,42.6,13.2,228,No,Unavailable
D0112,Malsha,De Silva,Female,54,O-,Matara,761401477,57.8,12.7,96,Yes,Available
D0113,Nadeesha,Ranasinghe,Male,42,AB-,Negombo,799078806,78.3,13.4,361,Yes,Unavailable
D0114,Kamal,Gunasekara,Male,24,B+,Anuradhapura,769096899,78.1,14.8,302,Yes,Unavailable
D0115,Amal,De Silva,Female,22,A+,Kalutara,773013961,56.5,12.1,209,No,Available
D0116,Tharushi,Wijesinghe,Female,38,A-,Matara,794127561,60.4,13.8,345,Yes,Unavailable
D0117,Nipun,De Silva,Male,32,A-,Kandy,722130508,76.8,14.4,323,Yes,Unavailable
D0118,Sanduni,Silva,Male,19,O-,Kalutara,716172803,66.9,14.4,355,Yes,Unavailable
D0119,Ayesha,Perera,Female,33,AB-,Matara,781291936,67.1,12.9,220,Yes,Available
D0120,Sanduni,Peris,Male,57,B+,Kalutara,761344226,68.7,14.1,40,No,Unavailable
D0121,Dinithi,Jayasinghe,Female,47,B+,Kandy,744269370,64.3,10.6,236,No,Unavailable
D0122,Kasun,Gunasekara,Female,55,B+,Gampaha,750151803,50.7,13.5,226,Yes,Unavailable
D0123,Sanduni,Bandara,Female,24,AB+,Kandy,741837210,69.2,11.9,196,No,Unavailable
D0124,Ishara,Peris,Female,60,AB+,Galle,763124147,46.8,13.5,11,No,Unavailable
D0125,Tharushi,Perera,Male,32,O-,Galle,795445405,59.9,14.4,117,Yes,Unavailable
D0126,Anjali,Peris,Female,37,B+,Gampaha,769166287,75.5,10.5,321,No,Available
D0127,Nimal,Peris,Female,44,B+,Gampaha,733574011,50.1,10.7,151,No,Unavailable
D0128,Anjali,Fernando,Female,36,AB+,Kalutara,755461591,53.5,12.9,131,Yes,Unavailable
D0129,Amal,Gunasekara,Male,53,B+,Kandy,759093496,76.2,13.4,346,Yes,Unavailable
D0130,Saman,Ranasinghe,Male,47,AB+,Anuradhapura,759470729,76.3,13.1,63,No,Unavailable
D0131,Tharushi,Peris,Female,48,AB-,Gampaha,713358751,45.6,13.6,345,No,Available
D0132,Dinithi,De Silva,Female,37,B-,Gampaha,797139443,58.5,10.6,325,No,Unavailable
D0133,Sanduni,Silva,Male,25,A+,Colombo,723044889,70.8,14.8,155,Yes,Unavailable
D0134,Nadeesha,De Silva,Male,55,O+,Negombo,730739712,63.2,11.8,189,No,Unavailable
D0135,Sanduni,Silva,Female,41,O+,Galle,739161443,50.6,12.0,16,No,Unavailable
D0136,Chathura,Gunasekara,Male,52,AB-,Gampaha,796547189,68.5,14.9,351,Yes,Unavailable
D0137,Ruwan,Perera,Female,47,AB+,Kandy,722304198,51.7,11.7,62,No,Unavailable
D0138,Anjali,Peris,Male,54,A+,Matara,737542226,66.8,15.6,124,Yes,Available
D0139,Saman,De Silva,Male,56,B-,Kandy,710380581,74.1,16.5,168,Yes,Available
D0140,Tharushi,Fernando,Male,60,AB+,Kalutara,713460153,64.4,15.6,56,No,Unavailable
D0141,Kamal,Perera,Female,29,B-,Jaffna,745617024,59.8,13.9,165,Yes,Available
D0142,Nimal,Fernando,Female,41,A-,Gampaha,778885632,68.5,11.3,243,No,Unavailable
D0143,Supun,Silva,Female,60,B-,Jaffna,779987997,45.1,13.5,22,No,Unavailable
D0144,Dilshan,Gunasekara,Male,24,A+,Negombo,775802771,64.9,14.2,205,Yes,Unavailable
D0145,Chathura,Silva,Male,22,AB-,Jaffna,726937148,65.3,14.9,75,No,Unavailable
D0146,Tharushi,Peris,Female,47,O+,Jaffna,777853916,64.3,11.8,271,No,Unavailable
D0147,Dinithi,Ranasinghe,Male,46,A-,Anuradhapura,740667888,55.5,14.5,110,Yes,Unavailable
D0148,Sanduni,Wijesinghe,Female,38,O+,Kurunegala,767279295,47.4,12.5,48,No,Unavailable
D0149,Ayesha,Bandara,Female,23,B+,Negombo,721457410,62.2,13.3,34,No,Unavailable
D0150,Saman,Ranasinghe,Male,55,AB-,Kalutara,785374852,67.9,12.2,284,No,Available
D0151,Malsha,Wijesinghe,Male,21,O+,Matara,748604965,73.1,12.9,340,No,Unavailable
D0152,Dinithi,Bandara,Female,27,A-,Jaffna,798145654,60.8,12.6,259,Yes,Available
D0153,Nipun,Jayasinghe,Male,35,AB-,Anuradhapura,787054398,78.6,12.8,188,No,Available
D0154,Nadeesha,Ranasinghe,Male,37,AB+,Colombo,755610493,68.4,15.7,92,Yes,Unavailable
D0155,Ruwan,Perera,Male,22,B+,Jaffna,729042093,69.8,12.9,336,No,Unavailable
D0156,Kasun,Silva,Male,28,O+,Kurunegala,759667685,60.0,17.5,232,Yes,Unavailable
D0157,Dilshan,Wijesinghe,Male,57,A+,Kalutara,716679008,69.8,14.9,80,No,Unavailable
D0158,Saman,Bandara,Female,44,O+,Negombo,746663833,61.8,12.2,310,No,Unavailable
D0159,Anjali,De Silva,Male,36,AB-,Kurunegala,789609131,73.2,13.0,56,No,Unavailable
D0160,Nipun,De Silva,Female,18,A+,Kandy,737437207,63.3,12.3,202,No,Available
D0161,Dilshan,Jayasinghe,Male,18,AB+,Galle,776757928,75.2,13.4,167,Yes,Available
D0162,Sanduni,Fernando,Male,50,O+,Anuradhapura,784990607,85.3,14.4,360,Yes,Available
D0163,Ruwan,Silva,Female,47,A+,Kurunegala,720450542,67.3,13.9,9,No,Unavailable
D0164,Ayesha,Peris,Female,43,O+,Kurunegala,712799319,51.4,12.4,148,No,Available
D0165,Ayesha,Fernando,Female,33,AB-,Gampaha,768475513,65.7,14.4,223,Yes,Available
D0166,Supun,Ranasinghe,Male,39,O+,Galle,732566390,66.0,13.2,173,Yes,Available
D0167,Saman,De Silva,Male,33,B-,Matara,723798190,72.2,14.2,179,Yes,Available
D0168,Kamal,Bandara,Male,59,B+,Jaffna,720113745,70.1,16.7,78,No,Unavailable
D0169,Sithumini,Gunasekara,Female,58,O-,Jaffna,752431444,56.0,10.4,329,No,Unavailable
D0170,Kamal,Gunasekara,Male,35,O-,Negombo,789379016,62.3,16.7,323,Yes,Unavailable
D0171,Nimal,Wijesinghe,Male,21,AB+,Negombo,759491122,70.2,15.2,231,Yes,Available
D0172,Dilshan,Silva,Male,46,O+,Negombo,786726461,75.0,13.4,297,Yes,Available
D0173,Anjali,Wijesinghe,Female,39,B+,Colombo,721318464,57.4,13.2,230,Yes,Available
D0174,Hiruni,Fernando,Male,41,B-,Negombo,760043345,79.6,15.6,224,Yes,Available
D0175,Dilshan,Ranasinghe,Female,58,AB-,Jaffna,796879854,60.2,13.9,26,No,Unavailable
D0176,Ayesha,Silva,Female,36,A-,Anuradhapura,743822301,64.6,9.9,347,No,Unavailable
D0177,Dinithi,Fernando,Female,40,A-,Jaffna,751638598,58.1,13.1,339,Yes,Available
D0178,Ishara,Fernando,Male,26,AB+,Anuradhapura,799941500,71.8,13.9,192,Yes,Unavailable
D0179,Hiruni,Silva,Female,29,AB-,Colombo,738748452,55.9,10.9,185,No,Unavailable
D0180,Ayesha,Gunasekara,Male,22,B-,Kalutara,749700543,61.9,15.1,79,No,Unavailable
D0181,Amal,De Silva,Male,56,AB-,Jaffna,760562485,61.6,14.4,67,No,Unavailable
D0182,Kamal,Fernando,Male,44,B+,Negombo,758895439,64.0,12.3,22,No,Unavailable
D0183,Nadeesha,Gunasekara,Female,37,O-,Kandy,772950208,49.4,13.6,273,No,Available
D0184,Anjali,Wijesinghe,Female,28,O-,Galle,736802975,61.9,15.8,195,Yes,Unavailable
D0185,Dinithi,Fernando,Female,51,A+,Negombo,726733967,56.2,13.0,190,Yes,Available
D0186,Dilshan,Silva,Male,45,AB+,Negombo,722309586,71.5,15.7,262,Yes,Available
D0187,Nadeesha,Gunasekara,Female,43,A+,Kurunegala,777378254,61.8,12.2,27,No,Unavailable
D0188,Ruwan,Jayasinghe,Female,38,A-,Matara,723298711,57.4,11.7,114,No,Available
D0189,Ayesha,Fernando,Male,48,A+,Galle,770210270,79.5,14.1,241,Yes,Available
D0190,Dinithi,Perera,Male,53,A+,Galle,791722503,64.2,11.9,110,No,Available
D0191,Hiruni,Ranasinghe,Male,21,AB+,Kandy,742002808,61.0,14.8,154,Yes,Available
D0192,Sanduni,Peris,Female,58,A-,Gampaha,779172559,64.9,12.2,255,No,Available
D0193,Supun,Jayasinghe,Male,57,AB+,Kurunegala,757354167,56.8,14.6,0,No,Unavailable
D0194,Nadeesha,Peris,Female,22,B+,Gampaha,780606503,48.0,13.2,268,No,Unavailable
D0195,Malsha,De Silva,Male,58,O+,Negombo,761926331,81.8,12.7,22,No,Unavailable
D0196,Ruwan,Bandara,Male,60,AB-,Gampaha,794323222,65.3,15.7,176,Yes,Available
D0197,Amal,Peris,Female,59,B+,Colombo,733500064,50.9,12.4,180,No,Unavailable
D0198,Chathura,Gunasekara,Male,36,B+,Gampaha,737057085,83.5,15.2,234,Yes,Available
D0199,Nimal,Jayasinghe,Male,52,AB-,Galle,773538641,68.9,14.2,263,Yes,Unavailable
D0200,Tharushi,Perera,Male,59,AB+,Matara,754550177,82.4,14.2,24,No,Unavailable
